RMSE,MAE,R2,Stage
23879.545484278417,15754.377040396776,0.9256573088115325,baseline_ridge_log1p
