RMSE,MAE,R2,Stage
25774.41904501153,16726.09676487633,0.9133908181785826,tuned_ridge_log1p
